Column,Type,Original_Categories,Synthetic_Categories,Category_Match_%,Original_Missing_%,Synthetic_Missing_%,Original_%_2022-01-01,Synthetic_%_2022-01-01,Original_%_2022-02-01,Synthetic_%_2022-02-01,Original_%_2022-03-01,Synthetic_%_2022-03-01,Original_%_2022-04-01,Synthetic_%_2022-04-01,Original_%_2022-05-01,Synthetic_%_2022-05-01,Original_%_2022-06-01,Synthetic_%_2022-06-01,Original_%_2022-07-01,Synthetic_%_2022-07-01,Original_%_2022-08-01,Synthetic_%_2022-08-01,Original_%_2022-09-01,Synthetic_%_2022-09-01,Original_%_2022-10-01,Synthetic_%_2022-10-01,Original_%_2022-11-01,Synthetic_%_2022-11-01,Original_%_2022-12-01,Synthetic_%_2022-12-01,Original_%_2023-01-01,Synthetic_%_2023-01-01,Original_%_2023-02-01,Synthetic_%_2023-02-01,Original_%_2023-03-01,Synthetic_%_2023-03-01,Original_%_2023-04-01,Synthetic_%_2023-04-01,Original_%_2023-05-01,Synthetic_%_2023-05-01,Original_%_2023-06-01,Synthetic_%_2023-06-01,Original_%_2023-07-01,Synthetic_%_2023-07-01,Original_%_2023-08-01,Synthetic_%_2023-08-01,Original_%_2023-09-01,Synthetic_%_2023-09-01,Original_%_2023-10-01,Synthetic_%_2023-10-01,Original_%_2023-11-01,Synthetic_%_2023-11-01,Original_%_2023-12-01,Synthetic_%_2023-12-01,Original_%_CHSM,Synthetic_%_CHSM,Original_%_DLL,Synthetic_%_DLL,Original_%_IUSMD,Synthetic_%_IUSMD,Original_%_ODI,Synthetic_%_ODI,Original_%_Urgence,Synthetic_%_Urgence,Original_%_F,Synthetic_%_F,Original_%_M,Synthetic_%_M,Original_%_Autre,Synthetic_%_Autre,Original_%_Conjoint (e) de fait,Synthetic_%_Conjoint (e) de fait,Original_%_Célibataire,Synthetic_%_Célibataire,Original_%_Divorcé,Synthetic_%_Divorcé,Original_%_Divorcé (e),Synthetic_%_Divorcé (e),Original_%_Marié,Synthetic_%_Marié,Original_%_Marié (e),Synthetic_%_Marié (e),Original_%_Marié(e),Synthetic_%_Marié(e),Original_%_Marié(e) (légalement ou de fait),Synthetic_%_Marié(e) (légalement ou de fait),Original_%_Séparé,Synthetic_%_Séparé,Original_%_Séparé (e),Synthetic_%_Séparé (e),Original_%_Veuf,Synthetic_%_Veuf,Original_%_Veuf(ve),Synthetic_%_Veuf(ve),Original_Count,Synthetic_Count,Original_Mean,Synthetic_Mean,Original_Std,Synthetic_Std,Original_Min,Synthetic_Min,Original_Max,Synthetic_Max,KS_Statistic,KS_P_Value,Original_%_A05.9 Bacterial foodborne intox,Synthetic_%_A05.9 Bacterial foodborne intox,Original_%_A09.9 GE - Gastroenteritis,Synthetic_%_A09.9 GE - Gastroenteritis,Original_%_A41.9 Septicaemia,Synthetic_%_A41.9 Septicaemia,Original_%_B02.9 Shingles / Zoster,Synthetic_%_B02.9 Shingles / Zoster,Original_%_D64.9 Anemia,Synthetic_%_D64.9 Anemia,Original_%_D69.6 Thrombocytopenia,Synthetic_%_D69.6 Thrombocytopenia,Original_%_D89.9 Immune mechanism disorder,Synthetic_%_D89.9 Immune mechanism disorder,Original_%_F05.9 Delirium,Synthetic_%_F05.9 Delirium,Original_%_F09 Nil,Synthetic_%_F09 Nil,Original_%_F10.0 Mental dis. alcohol intoxicat,Synthetic_%_F10.0 Mental dis. alcohol intoxicat,Original_%_F10.1 Nil,Synthetic_%_F10.1 Nil,Original_%_F10.2 Nil,Synthetic_%_F10.2 Nil,Original_%_F12.1 Nil,Synthetic_%_F12.1 Nil,Original_%_F12.2 Nil,Synthetic_%_F12.2 Nil,Original_%_F12.5 Nil,Synthetic_%_F12.5 Nil,Original_%_F14.1 Nil,Synthetic_%_F14.1 Nil,Original_%_F15.1 Nil,Synthetic_%_F15.1 Nil,Original_%_F15.5 NIL,Synthetic_%_F15.5 NIL,Original_%_F19.1 Nil,Synthetic_%_F19.1 Nil,Original_%_F19.5 Nil,Synthetic_%_F19.5 Nil,Original_%_F20.0 Nil,Synthetic_%_F20.0 Nil,Original_%_F20.3 Nil,Synthetic_%_F20.3 Nil,Original_%_F20.5 Nil,Synthetic_%_F20.5 Nil,Original_%_F20.9 Schizophrenia,Synthetic_%_F20.9 Schizophrenia,Original_%_F20.9 Schizophrenia (all type),Synthetic_%_F20.9 Schizophrenia (all type),Original_%_F21 Nil,Synthetic_%_F21 Nil,Original_%_F22.0 Nil,Synthetic_%_F22.0 Nil,Original_%_F22.9 Nil,Synthetic_%_F22.9 Nil,"Original_%_F23.9 Psychose/Délire paranoïde, paranoïaque/Trouble psychotique aigu","Synthetic_%_F23.9 Psychose/Délire paranoïde, paranoïaque/Trouble psychotique aigu","Original_%_F23.9 Psychotic disorder, acute","Synthetic_%_F23.9 Psychotic disorder, acute",Original_%_F25.0 Nil,Synthetic_%_F25.0 Nil,Original_%_F25.1 Nil,Synthetic_%_F25.1 Nil,Original_%_F25.2 Nil,Synthetic_%_F25.2 Nil,Original_%_F25.9 Nil,Synthetic_%_F25.9 Nil,Original_%_F25.9 Schizoaffective disease,Synthetic_%_F25.9 Schizoaffective disease,Original_%_F29 Nil,Synthetic_%_F29 Nil,Original_%_F29 Psychosis,Synthetic_%_F29 Psychosis,Original_%_F30.1 Nil,Synthetic_%_F30.1 Nil,Original_%_F30.2 Nil,Synthetic_%_F30.2 Nil,Original_%_F30.9 Nil,Synthetic_%_F30.9 Nil,Original_%_F31.0 Nil,Synthetic_%_F31.0 Nil,Original_%_F31.1 Manic/Hypomanic/BAD episode manic/Bipolar affective disease,Synthetic_%_F31.1 Manic/Hypomanic/BAD episode manic/Bipolar affective disease,Original_%_F31.1 Nil,Synthetic_%_F31.1 Nil,Original_%_F31.2 Nil,Synthetic_%_F31.2 Nil,Original_%_F31.3 Nil,Synthetic_%_F31.3 Nil,Original_%_F31.4 Nil,Synthetic_%_F31.4 Nil,Original_%_F31.8 Nil,Synthetic_%_F31.8 Nil,Original_%_F31.9 Bipolar affective disorder,Synthetic_%_F31.9 Bipolar affective disorder,Original_%_F31.9 Psychose maniaco-dépressive/Maladie affective bipolaire/MAB/PMD,Synthetic_%_F31.9 Psychose maniaco-dépressive/Maladie affective bipolaire/MAB/PMD,Original_%_F32.3 Nil,Synthetic_%_F32.3 Nil,Original_%_F32.9 Depression,Synthetic_%_F32.9 Depression,Original_%_F33.9 Nil,Synthetic_%_F33.9 Nil,Original_%_F34.1 Nil,Synthetic_%_F34.1 Nil,Original_%_F39 Nil,Synthetic_%_F39 Nil,Original_%_F40.0 Nil,Synthetic_%_F40.0 Nil,Original_%_F41.0 Nil,Synthetic_%_F41.0 Nil,Original_%_F41.1 Nil,Synthetic_%_F41.1 Nil,Original_%_F41.2 Nil,Synthetic_%_F41.2 Nil,Original_%_F41.9 Anxiety disorder,Synthetic_%_F41.9 Anxiety disorder,Original_%_F42.9 Nil,Synthetic_%_F42.9 Nil,Original_%_F43.0 Nil,Synthetic_%_F43.0 Nil,Original_%_F43.1 Nil,Synthetic_%_F43.1 Nil,Original_%_F43.2 Nil,Synthetic_%_F43.2 Nil,Original_%_F43.20Z Nil,Synthetic_%_F43.20Z Nil,Original_%_F43.28Z Nil,Synthetic_%_F43.28Z Nil,Original_%_F45.4 Nil,Synthetic_%_F45.4 Nil,Original_%_F50.0 Nil,Synthetic_%_F50.0 Nil,Original_%_F51.0 Nil,Synthetic_%_F51.0 Nil,Original_%_F53.0 Nil,Synthetic_%_F53.0 Nil,Original_%_F60.2 Nil,Synthetic_%_F60.2 Nil,Original_%_F60.3 Nil,Synthetic_%_F60.3 Nil,Original_%_F60.3Z Nil,Synthetic_%_F60.3Z Nil,Original_%_F60.7 Nil,Synthetic_%_F60.7 Nil,Original_%_F60.8 Nil,Synthetic_%_F60.8 Nil,Original_%_F60.9 Personality disorder,Synthetic_%_F60.9 Personality disorder,Original_%_F60.9Z Nil,Synthetic_%_F60.9Z Nil,Original_%_F69 Agitation/Behaviour disorder,Synthetic_%_F69 Agitation/Behaviour disorder,Original_%_F71.1 Nil,Synthetic_%_F71.1 Nil,Original_%_F84.5 Nil,Synthetic_%_F84.5 Nil,Original_%_F84.9 NIL,Synthetic_%_F84.9 NIL,Original_%_F90.0 Nil,Synthetic_%_F90.0 Nil,"Original_%_F99 Mental disorder, other","Synthetic_%_F99 Mental disorder, other",Original_%_F99 Tentative de suicide/Idées suicidaires/Geste para-suicidaire/Actig-out,Synthetic_%_F99 Tentative de suicide/Idées suicidaires/Geste para-suicidaire/Actig-out,Original_%_G43.9 Migraine,Synthetic_%_G43.9 Migraine,"Original_%_I10.0 HT - Hypertension, benign","Synthetic_%_I10.0 HT - Hypertension, benign",Original_%_J18.9 Pneumonia,Synthetic_%_J18.9 Pneumonia,Original_%_J44.1 COPD exacerbation,Synthetic_%_J44.1 COPD exacerbation,Original_%_J45.90 Asthma,Synthetic_%_J45.90 Asthma,Original_%_M79.69 PLU - Pain in limb unsp,Synthetic_%_M79.69 PLU - Pain in limb unsp,Original_%_N39.0 UTI - Urinary tract infection (urosepsis),Synthetic_%_N39.0 UTI - Urinary tract infection (urosepsis),Original_%_R00.2 Palpitations,Synthetic_%_R00.2 Palpitations,Original_%_R06.0 SOB - Dyspnea,Synthetic_%_R06.0 SOB - Dyspnea,Original_%_R06.4 Hyperventilation,Synthetic_%_R06.4 Hyperventilation,Original_%_R07.4 CP- Chest pain,Synthetic_%_R07.4 CP- Chest pain,Original_%_R10.4 Abdominal pain (includes Flank),Synthetic_%_R10.4 Abdominal pain (includes Flank),Original_%_R44.3 Hallucinations,Synthetic_%_R44.3 Hallucinations,Original_%_R45.8 Emotional symptoms,Synthetic_%_R45.8 Emotional symptoms,Original_%_R50.9 Fever,Synthetic_%_R50.9 Fever,Original_%_R54 Loss of autonomy/Fall,Synthetic_%_R54 Loss of autonomy/Fall,Original_%_R55 Syncope / Vasovagal,Synthetic_%_R55 Syncope / Vasovagal,Original_%_R69 Diagnosis N/A in list,Synthetic_%_R69 Diagnosis N/A in list,Original_%_T43.9 Poisoning psychotropes,Synthetic_%_T43.9 Poisoning psychotropes,Original_%_Z03.2 Nil,Synthetic_%_Z03.2 Nil,"Original_%_Z04.58 Physical abuse, conjugal violence","Synthetic_%_Z04.58 Physical abuse, conjugal violence",Original_%_Z04.6 Legal psychiatric exam,Synthetic_%_Z04.6 Legal psychiatric exam,Original_%_Z50.4 Nil,Synthetic_%_Z50.4 Nil,Original_%_Z51.88 Medical care other,Synthetic_%_Z51.88 Medical care other,Original_%_Z53.2 Nil,Synthetic_%_Z53.2 Nil,Original_%_Z53.8 Nil,Synthetic_%_Z53.8 Nil,Original_%_Z53.9 Refuse treatment,Synthetic_%_Z53.9 Refuse treatment,Original_%_Z59.0 Sans abri,Synthetic_%_Z59.0 Sans abri,Original_%_Z65.9 Social problem,Synthetic_%_Z65.9 Social problem,Original_%_Z71.8 Other reason,Synthetic_%_Z71.8 Other reason,Original_%_Z76.9 Quitte sans voir le médecin/Non vu,Synthetic_%_Z76.9 Quitte sans voir le médecin/Non vu,Original_%_Z91.5 Suicide attempt,Synthetic_%_Z91.5 Suicide attempt,Original_%_0101 - Palpitation - pouls irrégulier,Synthetic_%_0101 - Palpitation - pouls irrégulier,Original_%_0102 - Hypertension,Synthetic_%_0102 - Hypertension,Original_%_0150 - Douleur thoracique angineuse,Synthetic_%_0150 - Douleur thoracique angineuse,Original_%_0252 - Oedème / Douleur au cou,Synthetic_%_0252 - Oedème / Douleur au cou,Original_%_0450 - Douleur abdominale,Synthetic_%_0450 - Douleur abdominale,Original_%_0600 - Dépression,Synthetic_%_0600 - Dépression,Original_%_0600 - Dépression ou Automutilation,Synthetic_%_0600 - Dépression ou Automutilation,Original_%_0601 - Anxiété,Synthetic_%_0601 - Anxiété,Original_%_0601 - Anxiété / Crise situationnelle,Synthetic_%_0601 - Anxiété / Crise situationnelle,Original_%_0602 - Hallucinations,Synthetic_%_0602 - Hallucinations,Original_%_0602 - Psychose / Manie,Synthetic_%_0602 - Psychose / Manie,Original_%_0604 - Comportement violent / homicidaire,Synthetic_%_0604 - Comportement violent / homicidaire,Original_%_0605 - Problème social,Synthetic_%_0605 - Problème social,Original_%_0606 - Comportement bizarre,Synthetic_%_0606 - Comportement bizarre,Original_%_0607 - Inquiétude face à la sécurité du patient,Synthetic_%_0607 - Inquiétude face à la sécurité du patient,Original_%_0680 - Idées suicidaires,Synthetic_%_0680 - Idées suicidaires,Original_%_0681 - Tentative de suicide,Synthetic_%_0681 - Tentative de suicide,Original_%_0700 - Altération du niveau de conscience,Synthetic_%_0700 - Altération du niveau de conscience,Original_%_1000 - Gonflement articulaire,Synthetic_%_1000 - Gonflement articulaire,Original_%_1100 - Dyspnée,Synthetic_%_1100 - Dyspnée,Original_%_1204 - Autre condition de la peau,Synthetic_%_1204 - Autre condition de la peau,Original_%_1301 - Intoxication,Synthetic_%_1301 - Intoxication,Original_%_1501 - Fièvre,Synthetic_%_1501 - Fièvre,Original_%_1505 - Demande d'ordonnance ou de médicament,Synthetic_%_1505 - Demande d'ordonnance ou de médicament,Original_%_1510 - Plaintes mineures,Synthetic_%_1510 - Plaintes mineures,Original_%_1570 - Attendu pour consultation,Synthetic_%_1570 - Attendu pour consultation,Original_%_1572 - Test d'imagerie diagnostique,Synthetic_%_1572 - Test d'imagerie diagnostique,Original_%_2016-01-01,Synthetic_%_2016-01-01,Original_%_2016-02-01,Synthetic_%_2016-02-01,Original_%_2016-03-01,Synthetic_%_2016-03-01,Original_%_2016-04-01,Synthetic_%_2016-04-01,Original_%_2016-05-01,Synthetic_%_2016-05-01,Original_%_2016-06-01,Synthetic_%_2016-06-01,Original_%_2016-07-01,Synthetic_%_2016-07-01,Original_%_2016-08-01,Synthetic_%_2016-08-01,Original_%_2016-09-01,Synthetic_%_2016-09-01,Original_%_2016-10-01,Synthetic_%_2016-10-01,Original_%_2016-11-01,Synthetic_%_2016-11-01,Original_%_2016-12-01,Synthetic_%_2016-12-01,Original_%_2017-01-01,Synthetic_%_2017-01-01,Original_%_2017-02-01,Synthetic_%_2017-02-01,Original_%_2017-03-01,Synthetic_%_2017-03-01,Original_%_2017-04-01,Synthetic_%_2017-04-01,Original_%_2017-05-01,Synthetic_%_2017-05-01,Original_%_2017-06-01,Synthetic_%_2017-06-01,Original_%_2017-07-01,Synthetic_%_2017-07-01,Original_%_2017-08-01,Synthetic_%_2017-08-01,Original_%_2017-09-01,Synthetic_%_2017-09-01,Original_%_2017-10-01,Synthetic_%_2017-10-01,Original_%_2017-11-01,Synthetic_%_2017-11-01,Original_%_2017-12-01,Synthetic_%_2017-12-01,Original_%_2018-01-01,Synthetic_%_2018-01-01,Original_%_2018-02-01,Synthetic_%_2018-02-01,Original_%_2018-03-01,Synthetic_%_2018-03-01,Original_%_2018-04-01,Synthetic_%_2018-04-01,Original_%_2018-05-01,Synthetic_%_2018-05-01,Original_%_2018-06-01,Synthetic_%_2018-06-01,Original_%_2018-07-01,Synthetic_%_2018-07-01,Original_%_2018-08-01,Synthetic_%_2018-08-01,Original_%_2018-09-01,Synthetic_%_2018-09-01,Original_%_2018-10-01,Synthetic_%_2018-10-01,Original_%_2018-11-01,Synthetic_%_2018-11-01,Original_%_2018-12-01,Synthetic_%_2018-12-01,Original_%_2019-01-01,Synthetic_%_2019-01-01,Original_%_2019-02-01,Synthetic_%_2019-02-01,Original_%_2019-03-01,Synthetic_%_2019-03-01,Original_%_2019-04-01,Synthetic_%_2019-04-01,Original_%_2019-05-01,Synthetic_%_2019-05-01,Original_%_2019-06-01,Synthetic_%_2019-06-01,Original_%_2019-07-01,Synthetic_%_2019-07-01,Original_%_2019-08-01,Synthetic_%_2019-08-01,Original_%_2019-09-01,Synthetic_%_2019-09-01,Original_%_2019-10-01,Synthetic_%_2019-10-01,Original_%_2019-11-01,Synthetic_%_2019-11-01,Original_%_2019-12-01,Synthetic_%_2019-12-01,Original_%_2020-01-01,Synthetic_%_2020-01-01,Original_%_2020-02-01,Synthetic_%_2020-02-01,Original_%_2020-03-01,Synthetic_%_2020-03-01,Original_%_2020-04-01,Synthetic_%_2020-04-01,Original_%_2020-05-01,Synthetic_%_2020-05-01,Original_%_2020-06-01,Synthetic_%_2020-06-01,Original_%_2020-07-01,Synthetic_%_2020-07-01,Original_%_2020-08-01,Synthetic_%_2020-08-01,Original_%_2020-09-01,Synthetic_%_2020-09-01,Original_%_2020-10-01,Synthetic_%_2020-10-01,Original_%_2020-11-01,Synthetic_%_2020-11-01,Original_%_2020-12-01,Synthetic_%_2020-12-01,Original_%_2021-01-01,Synthetic_%_2021-01-01,Original_%_2021-02-01,Synthetic_%_2021-02-01,Original_%_2021-03-01,Synthetic_%_2021-03-01,Original_%_2021-04-01,Synthetic_%_2021-04-01,Original_%_2021-05-01,Synthetic_%_2021-05-01,Original_%_2021-06-01,Synthetic_%_2021-06-01,Original_%_2021-07-01,Synthetic_%_2021-07-01,Original_%_2021-08-01,Synthetic_%_2021-08-01,Original_%_2021-09-01,Synthetic_%_2021-09-01,Original_%_2021-10-01,Synthetic_%_2021-10-01,Original_%_2021-11-01,Synthetic_%_2021-11-01,Original_%_2021-12-01,Synthetic_%_2021-12-01,Original_%_Conjoint de fait,Synthetic_%_Conjoint de fait,"Original_%_Veuf(ve), séparé(e), divorcé(e)","Synthetic_%_Veuf(ve), séparé(e), divorcé(e)",Original_%_B00.9 Herpes,Synthetic_%_B00.9 Herpes,Original_%_B34.9 Viral infection,Synthetic_%_B34.9 Viral infection,Original_%_C79.9 Metastasis unspecified site,Synthetic_%_C79.9 Metastasis unspecified site,Original_%_E86.0 Dehydration,Synthetic_%_E86.0 Dehydration,Original_%_F06.9 Nil,Synthetic_%_F06.9 Nil,Original_%_F10.0 Abus alcool/Intoxication alcool (ROH)/État ébriété/Ivresse,Synthetic_%_F10.0 Abus alcool/Intoxication alcool (ROH)/État ébriété/Ivresse,Original_%_F10.3 Alcoolisme/Éthylisme (ROH)/Dépendance alcool/sevrage/autres troubles ROH,Synthetic_%_F10.3 Alcoolisme/Éthylisme (ROH)/Dépendance alcool/sevrage/autres troubles ROH,Original_%_F10.3 Mental dis. alcohol withdrawal,Synthetic_%_F10.3 Mental dis. alcohol withdrawal,Original_%_F12.3 Nil,Synthetic_%_F12.3 Nil,Original_%_F13.1 Nil,Synthetic_%_F13.1 Nil,Original_%_F14.0 nil,Synthetic_%_F14.0 nil,Original_%_F14.3 Nil,Synthetic_%_F14.3 Nil,Original_%_F14.5 Nil,Synthetic_%_F14.5 Nil,Original_%_F19.0 Nil,Synthetic_%_F19.0 Nil,Original_%_F19.2 Nil,Synthetic_%_F19.2 Nil,Original_%_F31.3 Severe depression /Psychotic depression/BAD depressive/Affective disease,Synthetic_%_F31.3 Severe depression /Psychotic depression/BAD depressive/Affective disease,Original_%_F31.6 Nil,Synthetic_%_F31.6 Nil,Original_%_F32.0 Nil,Synthetic_%_F32.0 Nil,Original_%_F32.2 Nil,Synthetic_%_F32.2 Nil,Original_%_F32.9 Dépression/Troubles dépressifs/ État dépressif,Synthetic_%_F32.9 Dépression/Troubles dépressifs/ État dépressif,Original_%_F41.9 Anxiété/Angoisse/État anxieux/Crise-Attaque de panique,Synthetic_%_F41.9 Anxiété/Angoisse/État anxieux/Crise-Attaque de panique,Original_%_F43.1 Post-traumatic stress disorder,Synthetic_%_F43.1 Post-traumatic stress disorder,Original_%_F43.22Z Nil,Synthetic_%_F43.22Z Nil,Original_%_F43.9 Nil,Synthetic_%_F43.9 Nil,Original_%_F50.2 Nil,Synthetic_%_F50.2 Nil,Original_%_F50.9 Eating disorder,Synthetic_%_F50.9 Eating disorder,Original_%_F61 Nil,Synthetic_%_F61 Nil,Original_%_F63.8 Nil,Synthetic_%_F63.8 Nil,Original_%_F69 Agitation/Troubles du comportement,Synthetic_%_F69 Agitation/Troubles du comportement,Original_%_F84.0 Nil,Synthetic_%_F84.0 Nil,"Original_%_I21.9 AMI - Myocardial infarct, acute","Synthetic_%_I21.9 AMI - Myocardial infarct, acute",Original_%_I50.0 CHF - Congestive heart failure,Synthetic_%_I50.0 CHF - Congestive heart failure,Original_%_I80.9 DVT - Deep venous thrombosis,Synthetic_%_I80.9 DVT - Deep venous thrombosis,Original_%_J10.1 Influenza virus identified,Synthetic_%_J10.1 Influenza virus identified,Original_%_N10 Pyelonephritis,Synthetic_%_N10 Pyelonephritis,Original_%_R20.8 Paresthesias - Numbness,Synthetic_%_R20.8 Paresthesias - Numbness,Original_%_R31.8 Haematuria,Synthetic_%_R31.8 Haematuria,Original_%_R41.88 NIL,Synthetic_%_R41.88 NIL,Original_%_R42 Dizziness,Synthetic_%_R42 Dizziness,Original_%_R44.8 Symptômes relatifs aux sensations et aux perceptions,Synthetic_%_R44.8 Symptômes relatifs aux sensations et aux perceptions,Original_%_R45.8 Affective symptoms / Suicidal ideations,Synthetic_%_R45.8 Affective symptoms / Suicidal ideations,Original_%_R54 Perte d'autonomie/Atteinte-Baisse état général/Chute,Synthetic_%_R54 Perte d'autonomie/Atteinte-Baisse état général/Chute,Original_%_R63.4 Weight loss,Synthetic_%_R63.4 Weight loss,Original_%_R73.9 Hyperglycaemia,Synthetic_%_R73.9 Hyperglycaemia,"Original_%_S51.91 Open wound, laceration, foreign body, infection: elbow, forearm","Synthetic_%_S51.91 Open wound, laceration, foreign body, infection: elbow, forearm",Original_%_T40.5 Poisoning cocaine,Synthetic_%_T40.5 Poisoning cocaine,Original_%_T40.7 Poisoning by cannabis (derivatives),Synthetic_%_T40.7 Poisoning by cannabis (derivatives),Original_%_T50.9 Poisoning other substances,Synthetic_%_T50.9 Poisoning other substances,Original_%_U04.90 COVID-19 Confirmed,Synthetic_%_U04.90 COVID-19 Confirmed,Original_%_Z63.1 Nil,Synthetic_%_Z63.1 Nil,Original_%_Z76.0 Issue of repeat prescription,Synthetic_%_Z76.0 Issue of repeat prescription,Original_%_0103 - Faiblesse générale,Synthetic_%_0103 - Faiblesse générale,Original_%_0203 - Problèmes dentaires ou de gencives,Synthetic_%_0203 - Problèmes dentaires ou de gencives,Original_%_0206 - Symptômes d'IVRS,Synthetic_%_0206 - Symptômes d'IVRS,Original_%_0403 - Nausées / vomissements,Synthetic_%_0403 - Nausées / vomissements,Original_%_0550 - Douleur au flanc,Synthetic_%_0550 - Douleur au flanc,Original_%_0603 - Insomnie,Synthetic_%_0603 - Insomnie,Original_%_0630 - Trouble comportement chez l'enfant,Synthetic_%_0630 - Trouble comportement chez l'enfant,Original_%_0701 - Confusion,Synthetic_%_0701 - Confusion,Original_%_0702 - Vertige,Synthetic_%_0702 - Vertige,Original_%_0707 - Hypoesthésie / Paresthésie,Synthetic_%_0707 - Hypoesthésie / Paresthésie,Original_%_1105 - Réaction allergique,Synthetic_%_1105 - Réaction allergique,Original_%_1293 - Lacération / Plaie punctiforme,Synthetic_%_1293 - Lacération / Plaie punctiforme,Original_%_1302 - Symptômes de sevrage,Synthetic_%_1302 - Symptômes de sevrage,Original_%_1502 - Hyperglycémie,Synthetic_%_1502 - Hyperglycémie
YM_ADM_Fol_Urg,Categorical,24.0,0.0,0.0,0.0,100.0,4.208416833667335,0.0,4.609218436873747,0.0,4.408817635270541,0.0,5.01002004008016,0.0,5.01002004008016,0.0,5.01002004008016,0.0,4.408817635270541,0.0,6.4128256513026045,0.0,6.613226452905812,0.0,5.61122244488978,0.0,3.2064128256513023,0.0,3.006012024048096,0.0,4.609218436873747,0.0,3.807615230460922,0.0,3.006012024048096,0.0,3.2064128256513023,0.0,3.006012024048096,0.0,4.408817635270541,0.0,4.208416833667335,0.0,3.406813627254509,0.0,2.404809619238477,0.0,2.2044088176352705,0.0,4.408817635270541,0.0,3.807615230460922,0.0,,,,,,,,,,,,,,,,,,,,,,,,,,,,,,,,,,,,,,,,,,,,,,,,,,,,,,,,,,,,,,,,,,,,,,,,,,,,,,,,,,,,,,,,,,,,,,,,,,,,,,,,,,,,,,,,,,,,,,,,,,,,,,,,,,,,,,,,,,,,,,,,,,,,,,,,,,,,,,,,,,,,,,,,,,,,,,,,,,,,,,,,,,,,,,,,,,,,,,,,,,,,,,,,,,,,,,,,,,,,,,,,,,,,,,,,,,,,,,,,,,,,,,,,,,,,,,,,,,,,,,,,,,,,,,,,,,,,,,,,,,,,,,,,,,,,,,,,,,,,,,,,,,,,,,,,,,,,,,,,,,,,,,,,,,,,,,,,,,,,,,,,,,,,,,,,,,,,,,,,,,,,,,,,,,,,,,,,,,,,,,,,,,,,,,,,,,,,,,,,,,,,,,,,,,,,,,,,,,,,,,,,,,,,,,,,,,,,,,,,,,,,,,,,,,,,,,,,,,,,,,,,,,,,,,,,,,,,,,,,,,,,,,,,,,,,,,,,,,,,,,,,,,,,,,,,,,,,,,,,,,,,,,,,,,,,,,,,,,,,,,,,,,,,,,,,,,,,,,,,,,,,,,,,,,,,,,,,,,,,,,,,,,,,,,,,,,,,,,,,,,,,,,,,,,,,,,
ETABLISSEMENT,Categorical,4.0,0.0,0.0,0.0,100.0,,,,,,,,,,,,,,,,,,,,,,,,,,,,,,,,,,,,,,,,,,,,,,,,,10.821643286573146,0.0,4.008016032064128,0.0,60.92184368737475,0.0,24.248496993987974,0.0,,,,,,,,,,,,,,,,,,,,,,,,,,,,,,,,,,,,,,,,,,,,,,,,,,,,,,,,,,,,,,,,,,,,,,,,,,,,,,,,,,,,,,,,,,,,,,,,,,,,,,,,,,,,,,,,,,,,,,,,,,,,,,,,,,,,,,,,,,,,,,,,,,,,,,,,,,,,,,,,,,,,,,,,,,,,,,,,,,,,,,,,,,,,,,,,,,,,,,,,,,,,,,,,,,,,,,,,,,,,,,,,,,,,,,,,,,,,,,,,,,,,,,,,,,,,,,,,,,,,,,,,,,,,,,,,,,,,,,,,,,,,,,,,,,,,,,,,,,,,,,,,,,,,,,,,,,,,,,,,,,,,,,,,,,,,,,,,,,,,,,,,,,,,,,,,,,,,,,,,,,,,,,,,,,,,,,,,,,,,,,,,,,,,,,,,,,,,,,,,,,,,,,,,,,,,,,,,,,,,,,,,,,,,,,,,,,,,,,,,,,,,,,,,,,,,,,,,,,,,,,,,,,,,,,,,,,,,,,,,,,,,,,,,,,,,,,,,,,,,,,,,,,,,,,,,,,,,,,,,,,,,,,,,,,,,,,,,,,,,,,,,,,,,,,,,,,,,,,,,,,,,,,,,,,,,,,,,,,,,,,,,,,,,,,,,,,,,,,,,,,,,,,
UNITE,Categorical,1.0,0.0,0.0,0.0,100.0,,,,,,,,,,,,,,,,,,,,,,,,,,,,,,,,,,,,,,,,,,,,,,,,,,,,,,,,,100.0,0.0,,,,,,,,,,,,,,,,,,,,,,,,,,,,,,,,,,,,,,,,,,,,,,,,,,,,,,,,,,,,,,,,,,,,,,,,,,,,,,,,,,,,,,,,,,,,,,,,,,,,,,,,,,,,,,,,,,,,,,,,,,,,,,,,,,,,,,,,,,,,,,,,,,,,,,,,,,,,,,,,,,,,,,,,,,,,,,,,,,,,,,,,,,,,,,,,,,,,,,,,,,,,,,,,,,,,,,,,,,,,,,,,,,,,,,,,,,,,,,,,,,,,,,,,,,,,,,,,,,,,,,,,,,,,,,,,,,,,,,,,,,,,,,,,,,,,,,,,,,,,,,,,,,,,,,,,,,,,,,,,,,,,,,,,,,,,,,,,,,,,,,,,,,,,,,,,,,,,,,,,,,,,,,,,,,,,,,,,,,,,,,,,,,,,,,,,,,,,,,,,,,,,,,,,,,,,,,,,,,,,,,,,,,,,,,,,,,,,,,,,,,,,,,,,,,,,,,,,,,,,,,,,,,,,,,,,,,,,,,,,,,,,,,,,,,,,,,,,,,,,,,,,,,,,,,,,,,,,,,,,,,,,,,,,,,,,,,,,,,,,,,,,,,,,,,,,,,,,,,,,,,,,,,,,,,,,,,,,,,,,,,,,,,,,,,,,,,,,,,,,,,,,
SEXE,Categorical,2.0,2.0,100.0,0.0,0.0,,,,,,,,,,,,,,,,,,,,,,,,,,,,,,,,,,,,,,,,,,,,,,,,,,,,,,,,,,,49.498997995991985,16.1,50.50100200400801,83.89999999999999,,,,,,,,,,,,,,,,,,,,,,,,,,,,,,,,,,,,,,,,,,,,,,,,,,,,,,,,,,,,,,,,,,,,,,,,,,,,,,,,,,,,,,,,,,,,,,,,,,,,,,,,,,,,,,,,,,,,,,,,,,,,,,,,,,,,,,,,,,,,,,,,,,,,,,,,,,,,,,,,,,,,,,,,,,,,,,,,,,,,,,,,,,,,,,,,,,,,,,,,,,,,,,,,,,,,,,,,,,,,,,,,,,,,,,,,,,,,,,,,,,,,,,,,,,,,,,,,,,,,,,,,,,,,,,,,,,,,,,,,,,,,,,,,,,,,,,,,,,,,,,,,,,,,,,,,,,,,,,,,,,,,,,,,,,,,,,,,,,,,,,,,,,,,,,,,,,,,,,,,,,,,,,,,,,,,,,,,,,,,,,,,,,,,,,,,,,,,,,,,,,,,,,,,,,,,,,,,,,,,,,,,,,,,,,,,,,,,,,,,,,,,,,,,,,,,,,,,,,,,,,,,,,,,,,,,,,,,,,,,,,,,,,,,,,,,,,,,,,,,,,,,,,,,,,,,,,,,,,,,,,,,,,,,,,,,,,,,,,,,,,,,,,,,,,,,,,,,,,,,,,,,,,,,,,,,,,,,,,,,,,,,,,,,,,,,,,,,,,,,
MARITAL_STATUS,Categorical,13.0,3.0,23.076923076923077,6.212424849699398,0.0,,,,,,,,,,,,,,,,,,,,,,,,,,,,,,,,,,,,,,,,,,,,,,,,,,,,,,,,,,,,,,,5.769230769230769,0.0,2.1367521367521367,0.0,72.43589743589743,34.1,1.282051282051282,0.0,1.282051282051282,0.0,1.4957264957264957,0.0,4.487179487179487,0.0,0.4273504273504274,0.0,7.264957264957266,0.0,0.2136752136752137,65.60000000000001,0.641025641025641,0.0,2.1367521367521367,0.3,0.4273504273504274,0.0,,,,,,,,,,,,,,,,,,,,,,,,,,,,,,,,,,,,,,,,,,,,,,,,,,,,,,,,,,,,,,,,,,,,,,,,,,,,,,,,,,,,,,,,,,,,,,,,,,,,,,,,,,,,,,,,,,,,,,,,,,,,,,,,,,,,,,,,,,,,,,,,,,,,,,,,,,,,,,,,,,,,,,,,,,,,,,,,,,,,,,,,,,,,,,,,,,,,,,,,,,,,,,,,,,,,,,,,,,,,,,,,,,,,,,,,,,,,,,,,,,,,,,,,,,,,,,,,,,,,,,,,,,,,,,,,,,,,,,,,,,,,,,,,,,,,,,,,,,,,,,,,,,,,,,,,,,,,,,,,,,,,,,,,,,,,,,,,,,,,,,,,,,,,,,,,,,,,,,,,,,,,,,,,,,,,,,,,,,,,,,,,,,,,,,,,,,,,,,,,,,,,,,,,,,,,,,,,,,,,,,,,,,,,,,,,,,,,,,,,,,,,,,,,,,,,,,,,,,,,,,,,,,,,,,,,,,,,,,,,,,,,,,,,,,,,,,,,,,,,,,,,,,,,,,,,,,,,,,,,,,,,,,,,,,,,,,,,,,,,,,,,,,,,,,,,,,,,,,,,,,,,,,,,,,,,,,
GP_ONFILE,Numerical,,,,0.0,0.0,,,,,,,,,,,,,,,,,,,,,,,,,,,,,,,,,,,,,,,,,,,,,,,,,,,,,,,,,,,,,,,,,,,,,,,,,,,,,,,,,,,,,,,,,499.0,1000.0,0.6232464929859719,0.007,0.48505856202845643,0.08341437500789631,0.0,0.0,1.0,1.0,0.6162464929859719,4.938934471167191e-119,,,,,,,,,,,,,,,,,,,,,,,,,,,,,,,,,,,,,,,,,,,,,,,,,,,,,,,,,,,,,,,,,,,,,,,,,,,,,,,,,,,,,,,,,,,,,,,,,,,,,,,,,,,,,,,,,,,,,,,,,,,,,,,,,,,,,,,,,,,,,,,,,,,,,,,,,,,,,,,,,,,,,,,,,,,,,,,,,,,,,,,,,,,,,,,,,,,,,,,,,,,,,,,,,,,,,,,,,,,,,,,,,,,,,,,,,,,,,,,,,,,,,,,,,,,,,,,,,,,,,,,,,,,,,,,,,,,,,,,,,,,,,,,,,,,,,,,,,,,,,,,,,,,,,,,,,,,,,,,,,,,,,,,,,,,,,,,,,,,,,,,,,,,,,,,,,,,,,,,,,,,,,,,,,,,,,,,,,,,,,,,,,,,,,,,,,,,,,,,,,,,,,,,,,,,,,,,,,,,,,,,,,,,,,,,,,,,,,,,,,,,,,,,,,,,,,,,,,,,,,,,,,,,,,,,,,,,,,,,,,,,,,,,,,,,,,,,,,,,,,,,,,,,,,,,,,,,,,,,,,,,,,,,,,,,,,,,,,,,,,,,,,,,,,,,,,,,,,,,,,,
AGE_ARRIVEE,Numerical,,,,0.0,100.0,,,,,,,,,,,,,,,,,,,,,,,,,,,,,,,,,,,,,,,,,,,,,,,,,,,,,,,,,,,,,,,,,,,,,,,,,,,,,,,,,,,,,,,,,499.0,0.0,40.012024048096194,,19.149901582879185,,14.0,,99.0,,,,,,,,,,,,,,,,,,,,,,,,,,,,,,,,,,,,,,,,,,,,,,,,,,,,,,,,,,,,,,,,,,,,,,,,,,,,,,,,,,,,,,,,,,,,,,,,,,,,,,,,,,,,,,,,,,,,,,,,,,,,,,,,,,,,,,,,,,,,,,,,,,,,,,,,,,,,,,,,,,,,,,,,,,,,,,,,,,,,,,,,,,,,,,,,,,,,,,,,,,,,,,,,,,,,,,,,,,,,,,,,,,,,,,,,,,,,,,,,,,,,,,,,,,,,,,,,,,,,,,,,,,,,,,,,,,,,,,,,,,,,,,,,,,,,,,,,,,,,,,,,,,,,,,,,,,,,,,,,,,,,,,,,,,,,,,,,,,,,,,,,,,,,,,,,,,,,,,,,,,,,,,,,,,,,,,,,,,,,,,,,,,,,,,,,,,,,,,,,,,,,,,,,,,,,,,,,,,,,,,,,,,,,,,,,,,,,,,,,,,,,,,,,,,,,,,,,,,,,,,,,,,,,,,,,,,,,,,,,,,,,,,,,,,,,,,,,,,,,,,,,,,,,,,,,,,,,,,,,,,,,,,,,,,,,,,,,,,,,,,,,,,,,,,,,,,,,,,,,,,,,,
Diagnostic,Categorical,115.0,0.0,0.0,11.22244488977956,100.0,,,,,,,,,,,,,,,,,,,,,,,,,,,,,,,,,,,,,,,,,,,,,,,,,,,,,,,,,,,,,,,,,,,,,,,,,,,,,,,,,,,,,,,,,,,,,,,,,,,,,0.2257336343115124,0.0,0.9029345372460496,0.0,0.9029345372460496,0.0,0.2257336343115124,0.0,1.805869074492099,0.0,0.2257336343115124,0.0,0.2257336343115124,0.0,0.2257336343115124,0.0,0.2257336343115124,0.0,1.805869074492099,0.0,0.6772009029345373,0.0,0.4514672686230248,0.0,0.2257336343115124,0.0,0.2257336343115124,0.0,0.4514672686230248,0.0,0.2257336343115124,0.0,0.4514672686230248,0.0,0.4514672686230248,0.0,1.3544018058690745,0.0,0.4514672686230248,0.0,2.2573363431151243,0.0,0.2257336343115124,0.0,0.2257336343115124,0.0,10.15801354401806,0.0,0.2257336343115124,0.0,0.2257336343115124,0.0,0.4514672686230248,0.0,0.2257336343115124,0.0,0.4514672686230248,0.0,3.3860045146726865,0.0,0.2257336343115124,0.0,0.2257336343115124,0.0,0.2257336343115124,0.0,4.740406320541761,0.0,0.2257336343115124,0.0,3.611738148984198,0.0,0.9029345372460496,0.0,0.2257336343115124,0.0,0.2257336343115124,0.0,0.6772009029345373,0.0,0.4514672686230248,0.0,0.2257336343115124,0.0,0.6772009029345373,0.0,0.9029345372460496,0.0,0.4514672686230248,0.0,0.6772009029345373,0.0,0.6772009029345373,0.0,3.160270880361174,0.0,0.2257336343115124,0.0,0.2257336343115124,0.0,7.674943566591422,0.0,1.1286681715575622,0.0,0.2257336343115124,0.0,0.2257336343115124,0.0,0.2257336343115124,0.0,0.6772009029345373,0.0,1.1286681715575622,0.0,0.6772009029345373,0.0,3.837471783295711,0.0,0.2257336343115124,0.0,0.2257336343115124,0.0,0.4514672686230248,0.0,1.3544018058690745,0.0,0.2257336343115124,0.0,0.4514672686230248,0.0,0.2257336343115124,0.0,0.2257336343115124,0.0,0.2257336343115124,0.0,0.2257336343115124,0.0,0.6772009029345373,0.0,3.611738148984198,0.0,0.4514672686230248,0.0,0.2257336343115124,0.0,0.2257336343115124,0.0,0.9029345372460496,0.0,0.2257336343115124,0.0,2.4830699774266365,0.0,0.2257336343115124,0.0,0.2257336343115124,0.0,0.2257336343115124,0.0,1.1286681715575622,0.0,0.2257336343115124,0.0,1.3544018058690745,0.0,0.2257336343115124,0.0,0.2257336343115124,0.0,0.4514672686230248,0.0,0.2257336343115124,0.0,0.2257336343115124,0.0,0.2257336343115124,0.0,0.2257336343115124,0.0,0.2257336343115124,0.0,0.2257336343115124,0.0,0.2257336343115124,0.0,0.6772009029345373,0.0,0.2257336343115124,0.0,0.2257336343115124,0.0,0.4514672686230248,0.0,1.805869074492099,0.0,1.1286681715575622,0.0,0.2257336343115124,0.0,0.2257336343115124,0.0,0.2257336343115124,0.0,0.2257336343115124,0.0,0.2257336343115124,0.0,0.4514672686230248,0.0,0.2257336343115124,0.0,0.4514672686230248,0.0,3.611738148984198,0.0,1.580135440180587,0.0,0.2257336343115124,0.0,0.2257336343115124,0.0,2.0316027088036117,0.0,0.6772009029345373,0.0,0.2257336343115124,0.0,1.805869074492099,0.0,,,,,,,,,,,,,,,,,,,,,,,,,,,,,,,,,,,,,,,,,,,,,,,,,,,,,,,,,,,,,,,,,,,,,,,,,,,,,,,,,,,,,,,,,,,,,,,,,,,,,,,,,,,,,,,,,,,,,,,,,,,,,,,,,,,,,,,,,,,,,,,,,,,,,,,,,,,,,,,,,,,,,,,,,,,,,,,,,,,,,,,,,,,,,,,,,,,,,,,,,,,,,,,,,,,,,,,,,,,,,,,,,,,,,,,,,,,,,,,,,,,,,,,,,,,,,,,,,,,,,,,,,,,,,,,,,,,,,,,,,,,,,,,,,,,,,,,,,,,,,,,,,,,,,,,,,,,,,,,,,,,,,,,,,,,,
RAISON_VISITE,Categorical,27.0,0.0,0.0,48.09619238476954,100.0,,,,,,,,,,,,,,,,,,,,,,,,,,,,,,,,,,,,,,,,,,,,,,,,,,,,,,,,,,,,,,,,,,,,,,,,,,,,,,,,,,,,,,,,,,,,,,,,,,,,,,,,,,,,,,,,,,,,,,,,,,,,,,,,,,,,,,,,,,,,,,,,,,,,,,,,,,,,,,,,,,,,,,,,,,,,,,,,,,,,,,,,,,,,,,,,,,,,,,,,,,,,,,,,,,,,,,,,,,,,,,,,,,,,,,,,,,,,,,,,,,,,,,,,,,,,,,,,,,,,,,,,,,,,,,,,,,,,,,,,,,,,,,,,,,,,,,,,,,,,,,,,,,,,,,,,,,,,,,,,,,,,,,,,,,,0.3861003861003861,0.0,0.3861003861003861,0.0,0.7722007722007722,0.0,0.3861003861003861,0.0,1.5444015444015444,0.0,0.7722007722007722,0.0,2.3166023166023164,0.0,13.8996138996139,0.0,9.266409266409266,0.0,0.3861003861003861,0.0,10.81081081081081,0.0,1.9305019305019304,0.0,6.563706563706563,0.0,15.057915057915059,0.0,1.1583011583011582,0.0,22.779922779922778,0.0,0.3861003861003861,0.0,0.7722007722007722,0.0,0.3861003861003861,0.0,1.9305019305019304,0.0,0.3861003861003861,0.0,1.5444015444015444,0.0,1.1583011583011582,0.0,0.3861003861003861,0.0,3.088803088803089,0.0,1.1583011583011582,0.0,0.3861003861003861,0.0,,,,,,,,,,,,,,,,,,,,,,,,,,,,,,,,,,,,,,,,,,,,,,,,,,,,,,,,,,,,,,,,,,,,,,,,,,,,,,,,,,,,,,,,,,,,,,,,,,,,,,,,,,,,,,,,,,,,,,,,,,,,,,,,,,,,,,,,,,,,,,,,,,,,,,,,,,,,,,,,,,,,,,,,,,,,,,,,,,,,,,,,,,,,,,,,,,,,,,,,,,,,,,,,,,,,,,,,,,,,,,,,,,,,,,,,,,,,,,,,,,,,,,,,,,,,,,,,,,,,,,,,,,,,,,,,,,,,,,
YM_ADM,Categorical,72.0,0.0,0.0,0.0,100.0,,,,,,,,,,,,,,,,,,,,,,,,,,,,,,,,,,,,,,,,,,,,,,,,,,,,,,,,,,,,,,,,,,,,,,,,,,,,,,,,,,,,,,,,,,,,,,,,,,,,,,,,,,,,,,,,,,,,,,,,,,,,,,,,,,,,,,,,,,,,,,,,,,,,,,,,,,,,,,,,,,,,,,,,,,,,,,,,,,,,,,,,,,,,,,,,,,,,,,,,,,,,,,,,,,,,,,,,,,,,,,,,,,,,,,,,,,,,,,,,,,,,,,,,,,,,,,,,,,,,,,,,,,,,,,,,,,,,,,,,,,,,,,,,,,,,,,,,,,,,,,,,,,,,,,,,,,,,,,,,,,,,,,,,,,,,,,,,,,,,,,,,,,,,,,,,,,,,,,,,,,,,,,,,,,,,,,,,,,,,,,,,,2.404809619238477,0.0,1.8036072144288577,0.0,2.80561122244489,0.0,3.406813627254509,0.0,1.8036072144288577,0.0,2.004008016032064,0.0,4.208416833667335,0.0,2.004008016032064,0.0,2.404809619238477,0.0,1.402805611222445,0.0,1.402805611222445,0.0,0.6012024048096193,0.0,1.8036072144288577,0.0,2.2044088176352705,0.0,1.8036072144288577,0.0,0.8016032064128256,0.0,1.002004008016032,0.0,1.402805611222445,0.0,0.6012024048096193,0.0,2.2044088176352705,0.0,1.6032064128256511,0.0,1.2024048096192386,0.0,1.002004008016032,0.0,1.6032064128256511,0.0,1.402805611222445,0.0,1.2024048096192386,0.0,0.8016032064128256,0.0,1.2024048096192386,0.0,1.402805611222445,0.0,1.2024048096192386,0.0,0.8016032064128256,0.0,0.6012024048096193,0.0,1.002004008016032,0.0,0.4008016032064128,0.0,0.8016032064128256,0.0,0.8016032064128256,0.0,0.2004008016032064,0.0,0.8016032064128256,0.0,1.402805611222445,0.0,0.6012024048096193,0.0,0.6012024048096193,0.0,0.4008016032064128,0.0,0.8016032064128256,0.0,1.402805611222445,0.0,2.404809619238477,0.0,2.004008016032064,0.0,2.004008016032064,0.0,1.6032064128256511,0.0,1.8036072144288577,0.0,0.6012024048096193,0.0,0.6012024048096193,0.0,1.002004008016032,0.0,1.2024048096192386,0.0,1.002004008016032,0.0,1.002004008016032,0.0,1.6032064128256511,0.0,1.402805611222445,0.0,1.402805611222445,0.0,1.402805611222445,0.0,1.6032064128256511,0.0,0.6012024048096193,0.0,1.002004008016032,0.0,1.402805611222445,0.0,1.2024048096192386,0.0,0.8016032064128256,0.0,2.2044088176352705,0.0,1.2024048096192386,0.0,1.002004008016032,0.0,1.402805611222445,0.0,1.6032064128256511,0.0,1.6032064128256511,0.0,2.004008016032064,0.0,,,,,,,,,,,,,,,,,,,,,,,,,,,,,,,,,,,,,,,,,,,,,,,,,,,,,,,,,,,,,,,,,,,,,,,,,,,,,,,,,,,,,,,,,,,,,,,,,,,,,,,,,,,,,,,,,,,,,,,,,,,,,,,,,,,,,,
DUREE_SEJOUR_HOUR,Numerical,,,,0.0,100.0,,,,,,,,,,,,,,,,,,,,,,,,,,,,,,,,,,,,,,,,,,,,,,,,,,,,,,,,,,,,,,,,,,,,,,,,,,,,,,,,,,,,,,,,,499.0,0.0,13.687374749498998,,18.440571564905607,,0.0,,167.0,,,,,,,,,,,,,,,,,,,,,,,,,,,,,,,,,,,,,,,,,,,,,,,,,,,,,,,,,,,,,,,,,,,,,,,,,,,,,,,,,,,,,,,,,,,,,,,,,,,,,,,,,,,,,,,,,,,,,,,,,,,,,,,,,,,,,,,,,,,,,,,,,,,,,,,,,,,,,,,,,,,,,,,,,,,,,,,,,,,,,,,,,,,,,,,,,,,,,,,,,,,,,,,,,,,,,,,,,,,,,,,,,,,,,,,,,,,,,,,,,,,,,,,,,,,,,,,,,,,,,,,,,,,,,,,,,,,,,,,,,,,,,,,,,,,,,,,,,,,,,,,,,,,,,,,,,,,,,,,,,,,,,,,,,,,,,,,,,,,,,,,,,,,,,,,,,,,,,,,,,,,,,,,,,,,,,,,,,,,,,,,,,,,,,,,,,,,,,,,,,,,,,,,,,,,,,,,,,,,,,,,,,,,,,,,,,,,,,,,,,,,,,,,,,,,,,,,,,,,,,,,,,,,,,,,,,,,,,,,,,,,,,,,,,,,,,,,,,,,,,,,,,,,,,,,,,,,,,,,,,,,,,,,,,,,,,,,,,,,,,,,,,,,,,,,,,,,,,,,,,,,,,
ORDER_EPI,Numerical,,,,0.0,100.0,,,,,,,,,,,,,,,,,,,,,,,,,,,,,,,,,,,,,,,,,,,,,,,,,,,,,,,,,,,,,,,,,,,,,,,,,,,,,,,,,,,,,,,,,499.0,0.0,1.0,,0.0,,1.0,,1.0,,,,,,,,,,,,,,,,,,,,,,,,,,,,,,,,,,,,,,,,,,,,,,,,,,,,,,,,,,,,,,,,,,,,,,,,,,,,,,,,,,,,,,,,,,,,,,,,,,,,,,,,,,,,,,,,,,,,,,,,,,,,,,,,,,,,,,,,,,,,,,,,,,,,,,,,,,,,,,,,,,,,,,,,,,,,,,,,,,,,,,,,,,,,,,,,,,,,,,,,,,,,,,,,,,,,,,,,,,,,,,,,,,,,,,,,,,,,,,,,,,,,,,,,,,,,,,,,,,,,,,,,,,,,,,,,,,,,,,,,,,,,,,,,,,,,,,,,,,,,,,,,,,,,,,,,,,,,,,,,,,,,,,,,,,,,,,,,,,,,,,,,,,,,,,,,,,,,,,,,,,,,,,,,,,,,,,,,,,,,,,,,,,,,,,,,,,,,,,,,,,,,,,,,,,,,,,,,,,,,,,,,,,,,,,,,,,,,,,,,,,,,,,,,,,,,,,,,,,,,,,,,,,,,,,,,,,,,,,,,,,,,,,,,,,,,,,,,,,,,,,,,,,,,,,,,,,,,,,,,,,,,,,,,,,,,,,,,,,,,,,,,,,,,,,,,,,,,,,,,,,,,,
ETABLISSEMENT_Fol_Urg,Categorical,4.0,0.0,0.0,0.0,100.0,,,,,,,,,,,,,,,,,,,,,,,,,,,,,,,,,,,,,,,,,,,,,,,,,10.420841683366733,0.0,4.008016032064128,0.0,59.719438877755515,0.0,25.851703406813627,0.0,,,,,,,,,,,,,,,,,,,,,,,,,,,,,,,,,,,,,,,,,,,,,,,,,,,,,,,,,,,,,,,,,,,,,,,,,,,,,,,,,,,,,,,,,,,,,,,,,,,,,,,,,,,,,,,,,,,,,,,,,,,,,,,,,,,,,,,,,,,,,,,,,,,,,,,,,,,,,,,,,,,,,,,,,,,,,,,,,,,,,,,,,,,,,,,,,,,,,,,,,,,,,,,,,,,,,,,,,,,,,,,,,,,,,,,,,,,,,,,,,,,,,,,,,,,,,,,,,,,,,,,,,,,,,,,,,,,,,,,,,,,,,,,,,,,,,,,,,,,,,,,,,,,,,,,,,,,,,,,,,,,,,,,,,,,,,,,,,,,,,,,,,,,,,,,,,,,,,,,,,,,,,,,,,,,,,,,,,,,,,,,,,,,,,,,,,,,,,,,,,,,,,,,,,,,,,,,,,,,,,,,,,,,,,,,,,,,,,,,,,,,,,,,,,,,,,,,,,,,,,,,,,,,,,,,,,,,,,,,,,,,,,,,,,,,,,,,,,,,,,,,,,,,,,,,,,,,,,,,,,,,,,,,,,,,,,,,,,,,,,,,,,,,,,,,,,,,,,,,,,,,,,,,,,,,,,,,,,,,,,,,,,,,,,,,,,,,,,,,,,,,,,,
UNITE_Fol_Urg,Categorical,1.0,0.0,0.0,0.0,100.0,,,,,,,,,,,,,,,,,,,,,,,,,,,,,,,,,,,,,,,,,,,,,,,,,,,,,,,,,100.0,0.0,,,,,,,,,,,,,,,,,,,,,,,,,,,,,,,,,,,,,,,,,,,,,,,,,,,,,,,,,,,,,,,,,,,,,,,,,,,,,,,,,,,,,,,,,,,,,,,,,,,,,,,,,,,,,,,,,,,,,,,,,,,,,,,,,,,,,,,,,,,,,,,,,,,,,,,,,,,,,,,,,,,,,,,,,,,,,,,,,,,,,,,,,,,,,,,,,,,,,,,,,,,,,,,,,,,,,,,,,,,,,,,,,,,,,,,,,,,,,,,,,,,,,,,,,,,,,,,,,,,,,,,,,,,,,,,,,,,,,,,,,,,,,,,,,,,,,,,,,,,,,,,,,,,,,,,,,,,,,,,,,,,,,,,,,,,,,,,,,,,,,,,,,,,,,,,,,,,,,,,,,,,,,,,,,,,,,,,,,,,,,,,,,,,,,,,,,,,,,,,,,,,,,,,,,,,,,,,,,,,,,,,,,,,,,,,,,,,,,,,,,,,,,,,,,,,,,,,,,,,,,,,,,,,,,,,,,,,,,,,,,,,,,,,,,,,,,,,,,,,,,,,,,,,,,,,,,,,,,,,,,,,,,,,,,,,,,,,,,,,,,,,,,,,,,,,,,,,,,,,,,,,,,,,,,,,,,,,,,,,,,,,,,,,,,,,,,,,,,,,,,,,,
SEXE_Fol_Urg,Categorical,2.0,0.0,0.0,0.0,100.0,,,,,,,,,,,,,,,,,,,,,,,,,,,,,,,,,,,,,,,,,,,,,,,,,,,,,,,,,,,48.897795591182366,0.0,51.10220440881763,0.0,,,,,,,,,,,,,,,,,,,,,,,,,,,,,,,,,,,,,,,,,,,,,,,,,,,,,,,,,,,,,,,,,,,,,,,,,,,,,,,,,,,,,,,,,,,,,,,,,,,,,,,,,,,,,,,,,,,,,,,,,,,,,,,,,,,,,,,,,,,,,,,,,,,,,,,,,,,,,,,,,,,,,,,,,,,,,,,,,,,,,,,,,,,,,,,,,,,,,,,,,,,,,,,,,,,,,,,,,,,,,,,,,,,,,,,,,,,,,,,,,,,,,,,,,,,,,,,,,,,,,,,,,,,,,,,,,,,,,,,,,,,,,,,,,,,,,,,,,,,,,,,,,,,,,,,,,,,,,,,,,,,,,,,,,,,,,,,,,,,,,,,,,,,,,,,,,,,,,,,,,,,,,,,,,,,,,,,,,,,,,,,,,,,,,,,,,,,,,,,,,,,,,,,,,,,,,,,,,,,,,,,,,,,,,,,,,,,,,,,,,,,,,,,,,,,,,,,,,,,,,,,,,,,,,,,,,,,,,,,,,,,,,,,,,,,,,,,,,,,,,,,,,,,,,,,,,,,,,,,,,,,,,,,,,,,,,,,,,,,,,,,,,,,,,,,,,,,,,,,,,,,,,,,,,,,,,,,,,,,,,,,,,,,,,,,,,,,,,,,,
MARITAL_STATUS_Fol_Urg,Categorical,15.0,0.0,0.0,4.609218436873747,100.0,,,,,,,,,,,,,,,,,,,,,,,,,,,,,,,,,,,,,,,,,,,,,,,,,,,,,,,,,,,,,,,4.621848739495799,0.0,3.361344537815126,0.0,70.16806722689076,0.0,1.050420168067227,0.0,1.050420168067227,0.0,1.4705882352941175,0.0,4.621848739495799,0.0,0.42016806722689076,0.0,8.193277310924369,0.0,1.050420168067227,0.0,0.8403361344537815,0.0,1.8907563025210083,0.0,0.6302521008403361,0.0,,,,,,,,,,,,,,,,,,,,,,,,,,,,,,,,,,,,,,,,,,,,,,,,,,,,,,,,,,,,,,,,,,,,,,,,,,,,,,,,,,,,,,,,,,,,,,,,,,,,,,,,,,,,,,,,,,,,,,,,,,,,,,,,,,,,,,,,,,,,,,,,,,,,,,,,,,,,,,,,,,,,,,,,,,,,,,,,,,,,,,,,,,,,,,,,,,,,,,,,,,,,,,,,,,,,,,,,,,,,,,,,,,,,,,,,,,,,,,,,,,,,,,,,,,,,,,,,,,,,,,,,,,,,,,,,,,,,,,,,,,,,,,,,,,,,,,,,,,,,,,,,,,,,,,,,,,,,,,,,,,,,,,,,,,,,,,,,,,,,,,,,,,,,,,,,,,,,,,,,,,,,,,,,,,,,,,,,,,,,,,,,,,,,,,,,,,,,,,,,,,,,,,,,,,,,,,,,,,,,,,,,,,,,,,,,,,,,,,,,,0.21008403361344538,0.0,0.42016806722689076,0.0,,,,,,,,,,,,,,,,,,,,,,,,,,,,,,,,,,,,,,,,,,,,,,,,,,,,,,,,,,,,,,,,,,,,,,,,,,,,,,,,,,,,,,,,,,,,,,,,,,,,,,,,,,,,,,,,,,,,,,,,,,,,,,,,,,
GP_ONFILE_Fol_Urg,Numerical,,,,0.0,100.0,,,,,,,,,,,,,,,,,,,,,,,,,,,,,,,,,,,,,,,,,,,,,,,,,,,,,,,,,,,,,,,,,,,,,,,,,,,,,,,,,,,,,,,,,499.0,0.0,0.6372745490981964,,0.48126901649545345,,0.0,,1.0,,,,,,,,,,,,,,,,,,,,,,,,,,,,,,,,,,,,,,,,,,,,,,,,,,,,,,,,,,,,,,,,,,,,,,,,,,,,,,,,,,,,,,,,,,,,,,,,,,,,,,,,,,,,,,,,,,,,,,,,,,,,,,,,,,,,,,,,,,,,,,,,,,,,,,,,,,,,,,,,,,,,,,,,,,,,,,,,,,,,,,,,,,,,,,,,,,,,,,,,,,,,,,,,,,,,,,,,,,,,,,,,,,,,,,,,,,,,,,,,,,,,,,,,,,,,,,,,,,,,,,,,,,,,,,,,,,,,,,,,,,,,,,,,,,,,,,,,,,,,,,,,,,,,,,,,,,,,,,,,,,,,,,,,,,,,,,,,,,,,,,,,,,,,,,,,,,,,,,,,,,,,,,,,,,,,,,,,,,,,,,,,,,,,,,,,,,,,,,,,,,,,,,,,,,,,,,,,,,,,,,,,,,,,,,,,,,,,,,,,,,,,,,,,,,,,,,,,,,,,,,,,,,,,,,,,,,,,,,,,,,,,,,,,,,,,,,,,,,,,,,,,,,,,,,,,,,,,,,,,,,,,,,,,,,,,,,,,,,,,,,,,,,,,,,,,,,,,,,,,,,,,,
AGE_ARRIVEE_Fol_Urg,Numerical,,,,0.0,100.0,,,,,,,,,,,,,,,,,,,,,,,,,,,,,,,,,,,,,,,,,,,,,,,,,,,,,,,,,,,,,,,,,,,,,,,,,,,,,,,,,,,,,,,,,499.0,0.0,44.7374749498998,,19.341395418734635,,18.0,,102.0,,,,,,,,,,,,,,,,,,,,,,,,,,,,,,,,,,,,,,,,,,,,,,,,,,,,,,,,,,,,,,,,,,,,,,,,,,,,,,,,,,,,,,,,,,,,,,,,,,,,,,,,,,,,,,,,,,,,,,,,,,,,,,,,,,,,,,,,,,,,,,,,,,,,,,,,,,,,,,,,,,,,,,,,,,,,,,,,,,,,,,,,,,,,,,,,,,,,,,,,,,,,,,,,,,,,,,,,,,,,,,,,,,,,,,,,,,,,,,,,,,,,,,,,,,,,,,,,,,,,,,,,,,,,,,,,,,,,,,,,,,,,,,,,,,,,,,,,,,,,,,,,,,,,,,,,,,,,,,,,,,,,,,,,,,,,,,,,,,,,,,,,,,,,,,,,,,,,,,,,,,,,,,,,,,,,,,,,,,,,,,,,,,,,,,,,,,,,,,,,,,,,,,,,,,,,,,,,,,,,,,,,,,,,,,,,,,,,,,,,,,,,,,,,,,,,,,,,,,,,,,,,,,,,,,,,,,,,,,,,,,,,,,,,,,,,,,,,,,,,,,,,,,,,,,,,,,,,,,,,,,,,,,,,,,,,,,,,,,,,,,,,,,,,,,,,,,,,,,,,,,,,,
Diagnostic_Fol_Urg,Categorical,119.0,0.0,0.0,10.420841683366733,100.0,,,,,,,,,,,,,,,,,,,,,,,,,,,,,,,,,,,,,,,,,,,,,,,,,,,,,,,,,,,,,,,,,,,,,,,,,,,,,,,,,,,,,,,,,,,,,,,,,,,,,,,0.22371364653243847,0.0,0.6711409395973155,0.0,,,1.5659955257270695,0.0,,,,,1.7897091722595078,0.0,,,0.44742729306487694,0.0,1.342281879194631,0.0,,,0.6711409395973155,0.0,,,0.22371364653243847,0.0,,,0.6711409395973155,0.0,,,0.8948545861297539,0.0,0.44742729306487694,0.0,0.44742729306487694,0.0,,,1.1185682326621924,0.0,14.317673378076062,0.0,,,,,0.44742729306487694,0.0,,,0.22371364653243847,0.0,2.013422818791946,0.0,0.22371364653243847,0.0,0.22371364653243847,0.0,1.342281879194631,0.0,4.47427293064877,0.0,0.22371364653243847,0.0,0.8948545861297539,0.0,0.6711409395973155,0.0,,,0.22371364653243847,0.0,0.44742729306487694,0.0,0.8948545861297539,0.0,,,0.22371364653243847,0.0,1.7897091722595078,0.0,0.44742729306487694,0.0,,,0.44742729306487694,0.0,2.237136465324385,0.0,,,0.6711409395973155,0.0,4.47427293064877,0.0,0.8948545861297539,0.0,0.44742729306487694,0.0,0.44742729306487694,0.0,,,0.22371364653243847,0.0,1.5659955257270695,0.0,0.6711409395973155,0.0,1.5659955257270695,0.0,0.22371364653243847,0.0,0.44742729306487694,0.0,1.1185682326621924,0.0,0.44742729306487694,0.0,,,,,,,,,,,,,0.22371364653243847,0.0,4.921700223713646,0.0,0.22371364653243847,0.0,,,,,1.1185682326621924,0.0,0.22371364653243847,0.0,3.3557046979865772,0.0,,,,,0.22371364653243847,0.0,0.22371364653243847,0.0,,,0.6711409395973155,0.0,,,,,0.22371364653243847,0.0,,,,,,,0.22371364653243847,0.0,0.22371364653243847,0.0,,,,,0.44742729306487694,0.0,0.44742729306487694,0.0,,,0.8948545861297539,0.0,1.5659955257270695,0.0,1.7897091722595078,0.0,0.22371364653243847,0.0,,,,,,,,,,,,,2.013422818791946,0.0,3.5794183445190155,0.0,0.6711409395973155,0.0,,,,,1.342281879194631,0.0,,,,,2.9082774049217,0.0,,,,,,,,,,,,,,,,,,,,,,,,,,,,,,,,,,,,,,,,,,,,,,,,,,,,,,,,,,,,,,,,,,,,,,,,,,,,,,,,,,,,,,,,,,,,,,,,,,,,,,,,,,,,,,,,,,,,,,,,,,,,,,,,,,,,,,,,,,,,,,,,,,,,,,,,,,,,,,,,,,,,,,,,,,,,,,,,,,,,,,,,,,,,,,,,,,,,,,,,,,,0.22371364653243847,0.0,0.22371364653243847,0.0,0.22371364653243847,0.0,0.22371364653243847,0.0,0.22371364653243847,0.0,0.22371364653243847,0.0,0.44742729306487694,0.0,0.6711409395973155,0.0,0.22371364653243847,0.0,0.44742729306487694,0.0,0.44742729306487694,0.0,0.22371364653243847,0.0,0.22371364653243847,0.0,0.22371364653243847,0.0,0.44742729306487694,0.0,0.6711409395973155,0.0,0.6711409395973155,0.0,0.22371364653243847,0.0,0.22371364653243847,0.0,0.22371364653243847,0.0,0.44742729306487694,0.0,0.22371364653243847,0.0,0.6711409395973155,0.0,0.22371364653243847,0.0,0.22371364653243847,0.0,0.44742729306487694,0.0,0.22371364653243847,0.0,0.22371364653243847,0.0,0.22371364653243847,0.0,0.44742729306487694,0.0,0.22371364653243847,0.0,0.22371364653243847,0.0,0.22371364653243847,0.0,0.22371364653243847,0.0,0.22371364653243847,0.0,0.22371364653243847,0.0,0.22371364653243847,0.0,0.22371364653243847,0.0,0.44742729306487694,0.0,0.22371364653243847,0.0,0.22371364653243847,0.0,0.22371364653243847,0.0,0.22371364653243847,0.0,0.22371364653243847,0.0,0.22371364653243847,0.0,0.44742729306487694,0.0,0.22371364653243847,0.0,0.8948545861297539,0.0,1.1185682326621924,0.0,0.22371364653243847,0.0,0.22371364653243847,0.0,,,,,,,,,,,,,,,,,,,,,,,,,,,,
RAISON_VISITE_Fol_Urg,Categorical,36.0,0.0,0.0,0.0,100.0,,,,,,,,,,,,,,,,,,,,,,,,,,,,,,,,,,,,,,,,,,,,,,,,,,,,,,,,,,,,,,,,,,,,,,,,,,,,,,,,,,,,,,,,,,,,,,,,,,,,,,,,,,,,,,,,,,,,,,,,,,,,,,,,,,,,,,,,,,,,,,,,,,,,,,,,,,,,,,,,,,,,,,,,,,,,,,,,,,,,,,,,,,,,,,,,,,,,,,,,,,,,,,,,,,,,,,,,,,,,,,,,,,,,,,,,,,,,,,,,,,,,,,,,,,,,,,,,,,,,,,,,,,,,,,,,,,,,,,,,,,,,,,,,,,,,,,,,,,,,,,,,,,,,,,,,,,,,,,,,,,,,,,,,,,,,,,,0.2004008016032064,0.0,,,0.6012024048096193,0.0,0.6012024048096193,0.0,1.2024048096192386,0.0,18.837675350701403,0.0,3.006012024048096,0.0,0.8016032064128256,0.0,12.424849699398797,0.0,2.2044088176352705,0.0,9.418837675350701,0.0,15.631262525050099,0.0,0.8016032064128256,0.0,18.43687374749499,0.0,1.6032064128256511,0.0,0.2004008016032064,0.0,0.2004008016032064,0.0,0.6012024048096193,0.0,,,2.2044088176352705,0.0,0.8016032064128256,0.0,1.002004008016032,0.0,4.809619238476954,0.0,0.4008016032064128,0.0,,,,,,,,,,,,,,,,,,,,,,,,,,,,,,,,,,,,,,,,,,,,,,,,,,,,,,,,,,,,,,,,,,,,,,,,,,,,,,,,,,,,,,,,,,,,,,,,,,,,,,,,,,,,,,,,,,,,,,,,,,,,,,,,,,,,,,,,,,,,,,,,,,,,,,,,,,,,,,,,,,,,,,,,,,,,,,,,,,,,,,,,,,,,,,,,,,,,,,,,,,,,,,,,,,,,,,,,,,,,,,,,,,,,,,,,,,,,,,,,,,,,,,,,,,,,,0.4008016032064128,0.0,0.2004008016032064,0.0,0.4008016032064128,0.0,0.2004008016032064,0.0,0.2004008016032064,0.0,0.6012024048096193,0.0,0.2004008016032064,0.0,0.4008016032064128,0.0,0.2004008016032064,0.0,0.2004008016032064,0.0,0.2004008016032064,0.0,0.2004008016032064,0.0,0.4008016032064128,0.0,0.2004008016032064,0.0
DUREE_SEJOUR_HOUR_Fol_Urg,Numerical,,,,0.0,100.0,,,,,,,,,,,,,,,,,,,,,,,,,,,,,,,,,,,,,,,,,,,,,,,,,,,,,,,,,,,,,,,,,,,,,,,,,,,,,,,,,,,,,,,,,499.0,0.0,19.6312625250501,,24.90528855889902,,0.0,,199.0,,,,,,,,,,,,,,,,,,,,,,,,,,,,,,,,,,,,,,,,,,,,,,,,,,,,,,,,,,,,,,,,,,,,,,,,,,,,,,,,,,,,,,,,,,,,,,,,,,,,,,,,,,,,,,,,,,,,,,,,,,,,,,,,,,,,,,,,,,,,,,,,,,,,,,,,,,,,,,,,,,,,,,,,,,,,,,,,,,,,,,,,,,,,,,,,,,,,,,,,,,,,,,,,,,,,,,,,,,,,,,,,,,,,,,,,,,,,,,,,,,,,,,,,,,,,,,,,,,,,,,,,,,,,,,,,,,,,,,,,,,,,,,,,,,,,,,,,,,,,,,,,,,,,,,,,,,,,,,,,,,,,,,,,,,,,,,,,,,,,,,,,,,,,,,,,,,,,,,,,,,,,,,,,,,,,,,,,,,,,,,,,,,,,,,,,,,,,,,,,,,,,,,,,,,,,,,,,,,,,,,,,,,,,,,,,,,,,,,,,,,,,,,,,,,,,,,,,,,,,,,,,,,,,,,,,,,,,,,,,,,,,,,,,,,,,,,,,,,,,,,,,,,,,,,,,,,,,,,,,,,,,,,,,,,,,,,,,,,,,,,,,,,,,,,,,,,,,,,,,,,,,,
ORDER_EPI_Fol_Urg,Numerical,,,,0.0,100.0,,,,,,,,,,,,,,,,,,,,,,,,,,,,,,,,,,,,,,,,,,,,,,,,,,,,,,,,,,,,,,,,,,,,,,,,,,,,,,,,,,,,,,,,,499.0,0.0,3.1082164328657313,,4.7360355526828135,,1.0,,46.0,,,,,,,,,,,,,,,,,,,,,,,,,,,,,,,,,,,,,,,,,,,,,,,,,,,,,,,,,,,,,,,,,,,,,,,,,,,,,,,,,,,,,,,,,,,,,,,,,,,,,,,,,,,,,,,,,,,,,,,,,,,,,,,,,,,,,,,,,,,,,,,,,,,,,,,,,,,,,,,,,,,,,,,,,,,,,,,,,,,,,,,,,,,,,,,,,,,,,,,,,,,,,,,,,,,,,,,,,,,,,,,,,,,,,,,,,,,,,,,,,,,,,,,,,,,,,,,,,,,,,,,,,,,,,,,,,,,,,,,,,,,,,,,,,,,,,,,,,,,,,,,,,,,,,,,,,,,,,,,,,,,,,,,,,,,,,,,,,,,,,,,,,,,,,,,,,,,,,,,,,,,,,,,,,,,,,,,,,,,,,,,,,,,,,,,,,,,,,,,,,,,,,,,,,,,,,,,,,,,,,,,,,,,,,,,,,,,,,,,,,,,,,,,,,,,,,,,,,,,,,,,,,,,,,,,,,,,,,,,,,,,,,,,,,,,,,,,,,,,,,,,,,,,,,,,,,,,,,,,,,,,,,,,,,,,,,,,,,,,,,,,,,,,,,,,,,,,,,,,,,,,,,
days_between,Numerical,,,,0.0,100.0,,,,,,,,,,,,,,,,,,,,,,,,,,,,,,,,,,,,,,,,,,,,,,,,,,,,,,,,,,,,,,,,,,,,,,,,,,,,,,,,,,,,,,,,,499.0,0.0,1530.9218436873748,,739.1091483920048,,31.0,,2830.0,,,,,,,,,,,,,,,,,,,,,,,,,,,,,,,,,,,,,,,,,,,,,,,,,,,,,,,,,,,,,,,,,,,,,,,,,,,,,,,,,,,,,,,,,,,,,,,,,,,,,,,,,,,,,,,,,,,,,,,,,,,,,,,,,,,,,,,,,,,,,,,,,,,,,,,,,,,,,,,,,,,,,,,,,,,,,,,,,,,,,,,,,,,,,,,,,,,,,,,,,,,,,,,,,,,,,,,,,,,,,,,,,,,,,,,,,,,,,,,,,,,,,,,,,,,,,,,,,,,,,,,,,,,,,,,,,,,,,,,,,,,,,,,,,,,,,,,,,,,,,,,,,,,,,,,,,,,,,,,,,,,,,,,,,,,,,,,,,,,,,,,,,,,,,,,,,,,,,,,,,,,,,,,,,,,,,,,,,,,,,,,,,,,,,,,,,,,,,,,,,,,,,,,,,,,,,,,,,,,,,,,,,,,,,,,,,,,,,,,,,,,,,,,,,,,,,,,,,,,,,,,,,,,,,,,,,,,,,,,,,,,,,,,,,,,,,,,,,,,,,,,,,,,,,,,,,,,,,,,,,,,,,,,,,,,,,,,,,,,,,,,,,,,,,,,,,,,,,,,,,,,,,
lowest_days_between,Numerical,,,,0.0,100.0,,,,,,,,,,,,,,,,,,,,,,,,,,,,,,,,,,,,,,,,,,,,,,,,,,,,,,,,,,,,,,,,,,,,,,,,,,,,,,,,,,,,,,,,,499.0,0.0,845.7735470941884,,595.3862797462531,,31.0,,2801.0,,,,,,,,,,,,,,,,,,,,,,,,,,,,,,,,,,,,,,,,,,,,,,,,,,,,,,,,,,,,,,,,,,,,,,,,,,,,,,,,,,,,,,,,,,,,,,,,,,,,,,,,,,,,,,,,,,,,,,,,,,,,,,,,,,,,,,,,,,,,,,,,,,,,,,,,,,,,,,,,,,,,,,,,,,,,,,,,,,,,,,,,,,,,,,,,,,,,,,,,,,,,,,,,,,,,,,,,,,,,,,,,,,,,,,,,,,,,,,,,,,,,,,,,,,,,,,,,,,,,,,,,,,,,,,,,,,,,,,,,,,,,,,,,,,,,,,,,,,,,,,,,,,,,,,,,,,,,,,,,,,,,,,,,,,,,,,,,,,,,,,,,,,,,,,,,,,,,,,,,,,,,,,,,,,,,,,,,,,,,,,,,,,,,,,,,,,,,,,,,,,,,,,,,,,,,,,,,,,,,,,,,,,,,,,,,,,,,,,,,,,,,,,,,,,,,,,,,,,,,,,,,,,,,,,,,,,,,,,,,,,,,,,,,,,,,,,,,,,,,,,,,,,,,,,,,,,,,,,,,,,,,,,,,,,,,,,,,,,,,,,,,,,,,,,,,,,,,,,,,,,,,,
